score;completeness;rescuebot_action;rescuebot_location;vlad_action;vlad_location;world_nr;tick_nr
0;0.0;;(22, 11);;(22, 12);1;0
0;0.0;;(22, 11);;(22, 12);1;1
0;0.0;;(22, 11);;(22, 12);1;2
0;0.0;;(22, 11);;(22, 12);1;3
0;0.0;;(22, 11);;(22, 12);1;4
0;0.0;;(22, 11);;(22, 12);1;5
0;0.0;;(22, 11);;(22, 12);1;6
0;0.0;;(22, 11);;(22, 12);1;7
0;0.0;;(22, 11);;(22, 12);1;8
0;0.0;;(22, 11);;(22, 12);1;9
0;0.0;;(22, 11);;(22, 12);1;10
0;0.0;;(22, 11);;(22, 12);1;11
0;0.0;;(22, 11);;(22, 12);1;12
0;0.0;;(22, 11);;(22, 12);1;13
0;0.0;;(22, 11);;(22, 12);1;14
0;0.0;;(22, 11);;(22, 12);1;15
0;0.0;;(22, 11);;(22, 12);1;16
0;0.0;;(22, 11);;(22, 12);1;17
0;0.0;;(22, 11);;(22, 12);1;18
0;0.0;;(22, 11);;(22, 12);1;19
0;0.0;;(22, 11);;(22, 12);1;20
0;0.0;;(22, 11);;(22, 12);1;21
0;0.0;;(22, 11);;(22, 12);1;22
0;0.0;;(22, 11);;(22, 12);1;23
0;0.0;;(22, 11);;(22, 12);1;24
0;0.0;;(22, 11);;(22, 12);1;25
0;0.0;;(22, 11);;(22, 12);1;26
0;0.0;;(22, 11);;(22, 12);1;27
0;0.0;;(22, 11);;(22, 12);1;28
0;0.0;;(22, 11);;(22, 12);1;29
0;0.0;;(22, 11);;(22, 12);1;30
0;0.0;;(22, 11);;(22, 12);1;31
0;0.0;;(22, 11);;(22, 12);1;32
0;0.0;;(22, 11);;(22, 12);1;33
0;0.0;;(22, 11);;(22, 12);1;34
0;0.0;;(22, 11);;(22, 12);1;35
0;0.0;;(22, 11);;(22, 12);1;36
0;0.0;;(22, 11);;(22, 12);1;37
0;0.0;;(22, 11);;(22, 12);1;38
0;0.0;;(22, 11);;(22, 12);1;39
0;0.0;;(22, 11);;(22, 12);1;40
0;0.0;;(22, 11);;(22, 12);1;41
0;0.0;;(22, 11);;(22, 12);1;42
0;0.0;;(22, 11);;(22, 12);1;43
0;0.0;;(22, 11);;(22, 12);1;44
0;0.0;;(22, 11);;(22, 12);1;45
0;0.0;;(22, 11);;(22, 12);1;46
0;0.0;;(22, 11);;(22, 12);1;47
0;0.0;;(22, 11);;(22, 12);1;48
0;0.0;;(22, 11);;(22, 12);1;49
0;0.0;;(22, 11);;(22, 12);1;50
0;0.0;;(22, 11);;(22, 12);1;51
0;0.0;;(22, 11);;(22, 12);1;52
0;0.0;;(22, 11);;(22, 12);1;53
0;0.0;;(22, 11);;(22, 12);1;54
0;0.0;;(22, 11);;(22, 12);1;55
0;0.0;;(22, 11);;(22, 12);1;56
0;0.0;;(22, 11);;(22, 12);1;57
0;0.0;;(22, 11);;(22, 12);1;58
0;0.0;;(22, 11);;(22, 12);1;59
0;0.0;;(22, 11);;(22, 12);1;60
0;0.0;;(22, 11);;(22, 12);1;61
0;0.0;;(22, 11);;(22, 12);1;62
0;0.0;;(22, 11);;(22, 12);1;63
0;0.0;;(22, 11);;(22, 12);1;64
0;0.0;;(22, 11);;(22, 12);1;65
0;0.0;;(22, 11);;(22, 12);1;66
0;0.0;;(22, 11);;(22, 12);1;67
0;0.0;;(22, 11);;(22, 12);1;68
0;0.0;;(22, 11);;(22, 12);1;69
0;0.0;;(22, 11);;(22, 12);1;70
0;0.0;;(22, 11);;(22, 12);1;71
0;0.0;;(22, 11);;(22, 12);1;72
0;0.0;;(22, 11);;(22, 12);1;73
0;0.0;;(22, 11);;(22, 12);1;74
0;0.0;;(22, 11);;(22, 12);1;75
0;0.0;;(22, 11);;(22, 12);1;76
0;0.0;;(22, 11);;(22, 12);1;77
0;0.0;;(22, 11);;(22, 12);1;78
0;0.0;;(22, 11);;(22, 12);1;79
0;0.0;;(22, 11);;(22, 12);1;80
0;0.0;;(22, 11);;(22, 12);1;81
0;0.0;;(22, 11);;(22, 12);1;82
0;0.0;;(22, 11);;(22, 12);1;83
0;0.0;;(22, 11);;(22, 12);1;84
0;0.0;;(22, 11);;(22, 12);1;85
0;0.0;;(22, 11);;(22, 12);1;86
0;0.0;;(22, 11);;(22, 12);1;87
0;0.0;;(22, 11);;(22, 12);1;88
0;0.0;;(22, 11);;(22, 12);1;89
0;0.0;;(22, 11);;(22, 12);1;90
0;0.0;;(22, 11);;(22, 12);1;91
0;0.0;;(22, 11);;(22, 12);1;92
0;0.0;;(22, 11);;(22, 12);1;93
0;0.0;;(22, 11);;(22, 12);1;94
0;0.0;;(22, 11);;(22, 12);1;95
0;0.0;;(22, 11);;(22, 12);1;96
0;0.0;;(22, 11);;(22, 12);1;97
0;0.0;;(22, 11);;(22, 12);1;98
0;0.0;;(22, 11);;(22, 12);1;99
0;0.0;;(22, 11);;(22, 12);1;100
0;0.0;;(22, 11);;(22, 12);1;101
0;0.0;;(22, 11);;(22, 12);1;102
0;0.0;;(22, 11);;(22, 12);1;103
0;0.0;;(22, 11);;(22, 12);1;104
0;0.0;;(22, 11);;(22, 12);1;105
0;0.0;;(22, 11);;(22, 12);1;106
0;0.0;;(22, 11);;(22, 12);1;107
0;0.0;;(22, 11);;(22, 12);1;108
0;0.0;;(22, 11);;(22, 12);1;109
0;0.0;;(22, 11);;(22, 12);1;110
0;0.0;;(22, 11);;(22, 12);1;111
0;0.0;;(22, 11);;(22, 12);1;112
0;0.0;;(22, 11);;(22, 12);1;113
0;0.0;;(22, 11);;(22, 12);1;114
0;0.0;;(22, 11);;(22, 12);1;115
0;0.0;;(22, 11);;(22, 12);1;116
0;0.0;;(22, 11);;(22, 12);1;117
0;0.0;;(22, 11);;(22, 12);1;118
0;0.0;;(22, 11);;(22, 12);1;119
0;0.0;;(22, 11);MoveWest;(21, 12);1;120
0;0.0;;(22, 11);MoveSouth;(21, 13);1;121
0;0.0;MoveNorth;(22, 11);MoveSouth;(21, 14);1;122
0;0.0;MoveNorth;(22, 11);;(21, 14);1;123
0;0.0;MoveNorth;(22, 11);MoveSouth;(21, 15);1;124
0;0.0;MoveNorth;(22, 11);;(21, 15);1;125
0;0.0;MoveNorth;(22, 11);MoveWest;(20, 15);1;126
0;0.0;MoveNorth;(22, 11);MoveWest;(19, 15);1;127
0;0.0;MoveNorth;(22, 11);;(19, 15);1;128
0;0.0;MoveNorth;(22, 11);MoveSouth;(19, 16);1;129
0;0.0;MoveNorth;(22, 10);;(19, 16);1;130
0;0.0;MoveNorth;(22, 10);;(19, 16);1;131
0;0.0;MoveNorth;(22, 10);MoveWest;(18, 16);1;132
0;0.0;MoveNorth;(22, 10);;(18, 16);1;133
0;0.0;MoveNorth;(22, 10);MoveSouth;(18, 16);1;134
0;0.0;MoveNorth;(22, 10);MoveSouth;(18, 16);1;135
0;0.0;MoveNorth;(22, 10);MoveSouth;(18, 16);1;136
0;0.0;MoveNorth;(22, 10);MoveSouth;(18, 16);1;137
0;0.0;MoveNorth;(22, 10);MoveSouth;(18, 16);1;138
0;0.0;MoveNorth;(22, 9);MoveSouth;(18, 17);1;139
0;0.0;MoveNorth;(22, 9);MoveSouth;(18, 17);1;140
0;0.0;MoveNorth;(22, 9);MoveSouth;(18, 17);1;141
0;0.0;MoveNorth;(22, 9);MoveSouth;(18, 17);1;142
0;0.0;MoveNorth;(22, 9);MoveSouth;(18, 17);1;143
0;0.0;MoveNorth;(22, 9);MoveSouth;(18, 17);1;144
0;0.0;MoveNorth;(22, 9);MoveSouth;(18, 18);1;145
0;0.0;MoveNorth;(22, 9);MoveWest;(17, 18);1;146
0;0.0;MoveNorth;(22, 9);;(17, 18);1;147
0;0.0;MoveNorth;(22, 8);MoveWest;(16, 18);1;148
0;0.0;MoveNorth;(22, 8);;(16, 18);1;149
0;0.0;MoveNorth;(22, 8);;(16, 18);1;150
0;0.0;MoveNorth;(22, 8);MoveWest;(15, 18);1;151
0;0.0;MoveNorth;(22, 8);MoveWest;(14, 18);1;152
0;0.0;MoveNorth;(22, 8);;(14, 18);1;153
0;0.0;MoveNorth;(22, 8);MoveWest;(14, 18);1;154
0;0.0;MoveNorth;(22, 8);MoveWest;(14, 18);1;155
0;0.0;MoveNorth;(22, 8);MoveWest;(14, 18);1;156
0;0.0;MoveNorth;(22, 7);MoveWest;(14, 18);1;157
0;0.0;MoveNorthWest;(22, 7);MoveWest;(14, 18);1;158
0;0.0;MoveNorthWest;(22, 7);MoveWest;(13, 18);1;159
0;0.0;MoveNorthWest;(22, 7);MoveWest;(13, 18);1;160
0;0.0;MoveNorthWest;(22, 7);MoveWest;(13, 18);1;161
0;0.0;MoveNorthWest;(22, 7);MoveWest;(13, 18);1;162
0;0.0;MoveNorthWest;(22, 7);MoveWest;(13, 18);1;163
0;0.0;MoveNorthWest;(22, 7);MoveWest;(13, 18);1;164
0;0.0;MoveNorthWest;(22, 7);MoveWest;(12, 18);1;165
0;0.0;MoveNorthWest;(21, 6);MoveWest;(12, 18);1;166
0;0.0;MoveNorth;(21, 6);MoveWest;(12, 18);1;167
0;0.0;MoveNorth;(21, 6);MoveWest;(12, 18);1;168
0;0.0;MoveNorth;(21, 6);MoveWest;(12, 18);1;169
0;0.0;MoveNorth;(21, 6);MoveWest;(12, 18);1;170
0;0.0;MoveNorth;(21, 6);MoveWest;(11, 18);1;171
0;0.0;MoveNorth;(21, 6);MoveWest;(11, 18);1;172
0;0.0;MoveNorth;(21, 6);MoveWest;(11, 18);1;173
0;0.0;MoveNorth;(21, 6);MoveWest;(11, 18);1;174
0;0.0;MoveNorth;(21, 5);MoveWest;(11, 18);1;175
0;0.0;MoveNorth;(21, 5);MoveWest;(11, 18);1;176
0;0.0;MoveNorth;(21, 5);MoveWest;(10, 18);1;177
0;0.0;MoveNorth;(21, 5);MoveWest;(10, 18);1;178
0;0.0;MoveNorth;(21, 5);MoveWest;(10, 18);1;179
0;0.0;MoveNorth;(21, 5);MoveWest;(10, 18);1;180
0;0.0;MoveNorth;(21, 5);MoveWest;(10, 18);1;181
0;0.0;MoveNorth;(21, 5);MoveWest;(10, 18);1;182
0;0.0;MoveNorth;(21, 5);MoveWest;(9, 18);1;183
0;0.0;MoveNorth;(21, 4);MoveWest;(8, 18);1;184
0;0.0;MoveNorthWest;(21, 4);;(8, 18);1;185
0;0.0;MoveNorthWest;(21, 4);;(8, 18);1;186
0;0.0;MoveNorthWest;(21, 4);MoveWest;(7, 18);1;187
0;0.0;MoveNorthWest;(21, 4);MoveWest;(6, 18);1;188
0;0.0;MoveNorthWest;(21, 4);;(6, 18);1;189
0;0.0;MoveNorthWest;(21, 4);MoveWest;(5, 18);1;190
0;0.0;MoveNorthWest;(21, 4);;(5, 18);1;191
0;0.0;MoveNorthWest;(21, 4);MoveWest;(4, 18);1;192
0;0.0;MoveNorthWest;(20, 3);;(4, 18);1;193
0;0.0;MoveNorth;(20, 3);MoveWest;(3, 18);1;194
0;0.0;MoveNorth;(20, 3);MoveWest;(2, 18);1;195
0;0.0;MoveNorth;(20, 3);;(2, 18);1;196
0;0.0;MoveNorth;(20, 3);;(2, 18);1;197
0;0.0;MoveNorth;(20, 3);;(2, 18);1;198
0;0.0;MoveNorth;(20, 3);;(2, 18);1;199
0;0.0;MoveNorth;(20, 3);MoveSouth;(2, 18);1;200
0;0.0;MoveNorth;(20, 3);;(2, 18);1;201
0;0.0;MoveNorth;(20, 2);MoveEast;(3, 18);1;202
0;0.0;MoveSouthEast;(20, 2);;(3, 18);1;203
0;0.0;MoveSouthEast;(20, 2);;(3, 18);1;204
0;0.0;MoveSouthEast;(20, 2);;(3, 18);1;205
0;0.0;MoveSouthEast;(20, 2);;(3, 18);1;206
0;0.0;MoveSouthEast;(20, 2);;(3, 18);1;207
0;0.0;MoveSouthEast;(20, 2);;(3, 18);1;208
0;0.0;MoveSouthEast;(20, 2);MoveSouth;(3, 19);1;209
0;0.0;MoveSouthEast;(20, 2);;(3, 19);1;210
0;0.0;MoveSouthEast;(21, 3);MoveSouth;(3, 20);1;211
0;0.0;MoveNorthEast;(21, 3);;(3, 20);1;212
0;0.0;MoveNorthEast;(21, 3);;(3, 20);1;213
0;0.0;MoveNorthEast;(21, 3);;(3, 20);1;214
0;0.0;MoveNorthEast;(21, 3);;(3, 20);1;215
0;0.0;MoveNorthEast;(21, 3);;(3, 20);1;216
0;0.0;MoveNorthEast;(21, 3);;(3, 20);1;217
0;0.0;MoveNorthEast;(21, 3);;(3, 20);1;218
0;0.0;MoveNorthEast;(21, 3);;(3, 20);1;219
0;0.0;MoveNorthEast;(22, 2);MoveSouth;(3, 21);1;220
0;0.0;Idle;(22, 2);;(3, 21);1;221
0;0.0;Idle;(22, 2);;(3, 21);1;222
0;0.0;Idle;(22, 2);;(3, 21);1;223
0;0.0;Idle;(22, 2);;(3, 21);1;224
0;0.0;Idle;(22, 2);;(3, 21);1;225
0;0.0;Idle;(22, 2);MoveEast;(4, 21);1;226
0;0.0;Idle;(22, 2);;(4, 21);1;227
0;0.0;Idle;(22, 2);;(4, 21);1;228
0;0.0;Idle;(22, 2);;(4, 21);1;229
0;0.0;Idle;(22, 2);;(4, 21);1;230
0;0.0;Idle;(22, 2);;(4, 21);1;231
0;0.0;Idle;(22, 2);;(4, 21);1;232
0;0.0;Idle;(22, 2);;(4, 21);1;233
0;0.0;Idle;(22, 2);;(4, 21);1;234
0;0.0;Idle;(22, 2);;(4, 21);1;235
0;0.0;Idle;(22, 2);;(4, 21);1;236
0;0.0;Idle;(22, 2);;(4, 21);1;237
0;0.0;Idle;(22, 2);;(4, 21);1;238
0;0.0;Idle;(22, 2);;(4, 21);1;239
0;0.0;Idle;(22, 2);;(4, 21);1;240
0;0.0;Idle;(22, 2);;(4, 21);1;241
0;0.0;Idle;(22, 2);;(4, 21);1;242
0;0.0;Idle;(22, 2);;(4, 21);1;243
0;0.0;Idle;(22, 2);;(4, 21);1;244
0;0.0;Idle;(22, 2);;(4, 21);1;245
0;0.0;Idle;(22, 2);;(4, 21);1;246
0;0.0;MoveSouthWest;(22, 2);;(4, 21);1;247
0;0.0;MoveSouthWest;(22, 2);;(4, 21);1;248
0;0.0;MoveSouthWest;(22, 2);;(4, 21);1;249
0;0.0;MoveSouthWest;(22, 2);;(4, 21);1;250
0;0.0;MoveSouthWest;(22, 2);;(4, 21);1;251
0;0.0;MoveSouthWest;(22, 2);;(4, 21);1;252
0;0.0;MoveSouthWest;(22, 2);;(4, 21);1;253
0;0.0;MoveSouthWest;(22, 2);;(4, 21);1;254
0;0.0;MoveSouthWest;(21, 3);;(4, 21);1;255
0;0.0;MoveSouth;(21, 3);;(4, 21);1;256
0;0.0;MoveSouth;(21, 3);;(4, 21);1;257
0;0.0;MoveSouth;(21, 3);;(4, 21);1;258
0;0.0;MoveSouth;(21, 3);;(4, 21);1;259
0;0.0;MoveSouth;(21, 3);;(4, 21);1;260
0;0.0;MoveSouth;(21, 3);;(4, 21);1;261
0;0.0;MoveSouth;(21, 3);;(4, 21);1;262
0;0.0;MoveSouth;(21, 3);;(4, 21);1;263
0;0.0;MoveSouth;(21, 4);;(4, 21);1;264
0;0.0;MoveSouthWest;(21, 4);;(4, 21);1;265
0;0.0;MoveSouthWest;(21, 4);;(4, 21);1;266
0;0.0;MoveSouthWest;(21, 4);;(4, 21);1;267
0;0.0;MoveSouthWest;(21, 4);;(4, 21);1;268
0;0.0;MoveSouthWest;(21, 4);;(4, 21);1;269
0;0.0;MoveSouthWest;(21, 4);;(4, 21);1;270
0;0.0;MoveSouthWest;(21, 4);;(4, 21);1;271
0;0.0;MoveSouthWest;(21, 4);;(4, 21);1;272
0;0.0;MoveSouthWest;(20, 5);;(4, 21);1;273
0;0.0;MoveWest;(20, 5);;(4, 21);1;274
0;0.0;MoveWest;(20, 5);;(4, 21);1;275
0;0.0;MoveWest;(20, 5);;(4, 21);1;276
0;0.0;MoveWest;(20, 5);;(4, 21);1;277
0;0.0;MoveWest;(20, 5);;(4, 21);1;278
0;0.0;MoveWest;(20, 5);;(4, 21);1;279
0;0.0;MoveWest;(20, 5);;(4, 21);1;280
0;0.0;MoveWest;(20, 5);;(4, 21);1;281
0;0.0;MoveWest;(20, 5);;(4, 21);1;282
0;0.0;MoveWest;(20, 5);CarryObject;(4, 21);1;283
0;0.0;MoveWest;(20, 5);;(4, 21);1;284
0;0.0;MoveWest;(20, 5);;(4, 21);1;285
0;0.0;MoveWest;(20, 5);;(4, 21);1;286
0;0.0;MoveWest;(19, 5);;(4, 21);1;287
0;0.0;MoveWest;(19, 5);;(4, 21);1;288
0;0.0;MoveWest;(19, 5);;(4, 21);1;289
0;0.0;MoveWest;(19, 5);;(4, 21);1;290
0;0.0;MoveWest;(19, 5);;(4, 21);1;291
0;0.0;MoveWest;(19, 5);;(4, 21);1;292
0;0.0;MoveWest;(19, 5);;(4, 21);1;293
0;0.0;MoveWest;(19, 5);;(4, 21);1;294
0;0.0;MoveWest;(19, 5);;(4, 21);1;295
0;0.0;MoveWest;(19, 5);MoveWest;(3, 21);1;296
0;0.0;MoveWest;(19, 5);;(3, 21);1;297
0;0.0;MoveWest;(19, 5);;(3, 21);1;298
0;0.0;MoveWest;(19, 5);;(3, 21);1;299
0;0.0;MoveWest;(19, 5);;(3, 21);1;300
0;0.0;MoveWest;(18, 5);;(3, 21);1;301
0;0.0;MoveWest;(18, 5);MoveNorth;(3, 20);1;302
0;0.0;MoveWest;(18, 5);;(3, 20);1;303
0;0.0;MoveWest;(18, 5);MoveNorth;(3, 19);1;304
0;0.0;MoveWest;(18, 5);;(3, 19);1;305
0;0.0;MoveWest;(18, 5);;(3, 19);1;306
0;0.0;MoveWest;(18, 5);;(3, 19);1;307
0;0.0;MoveWest;(18, 5);MoveNorth;(3, 18);1;308
0;0.0;MoveWest;(18, 5);;(3, 18);1;309
0;0.0;MoveWest;(17, 5);MoveNorth;(3, 17);1;310
0;0.0;MoveWest;(17, 5);;(3, 17);1;311
0;0.0;MoveWest;(17, 5);;(3, 17);1;312
0;0.0;MoveWest;(17, 5);;(3, 17);1;313
0;0.0;MoveWest;(17, 5);;(3, 17);1;314
0;0.0;MoveWest;(17, 5);MoveEast;(4, 17);1;315
0;0.0;MoveWest;(17, 5);;(4, 17);1;316
0;0.0;MoveWest;(17, 5);MoveEast;(4, 17);1;317
0;0.0;MoveWest;(17, 5);MoveEast;(4, 17);1;318
0;0.0;MoveWest;(16, 5);MoveEast;(4, 17);1;319
0;0.0;MoveWest;(16, 5);MoveEast;(4, 17);1;320
0;0.0;MoveWest;(16, 5);MoveEast;(4, 17);1;321
0;0.0;MoveWest;(16, 5);MoveEast;(5, 17);1;322
0;0.0;MoveWest;(16, 5);MoveEast;(5, 17);1;323
0;0.0;MoveWest;(16, 5);MoveEast;(5, 17);1;324
0;0.0;MoveWest;(16, 5);MoveEast;(5, 17);1;325
0;0.0;MoveWest;(16, 5);MoveEast;(5, 17);1;326
0;0.0;MoveWest;(16, 5);MoveEast;(5, 17);1;327
0;0.0;MoveWest;(15, 5);MoveEast;(6, 17);1;328
0;0.0;;(15, 5);MoveEast;(6, 17);1;329
0;0.0;;(15, 5);MoveEast;(6, 17);1;330
0;0.0;;(15, 5);MoveEast;(6, 17);1;331
0;0.0;;(15, 5);MoveEast;(6, 17);1;332
0;0.0;;(15, 5);MoveEast;(6, 17);1;333
0;0.0;;(15, 5);MoveEast;(7, 17);1;334
0;0.0;;(15, 5);MoveEast;(7, 17);1;335
0;0.0;;(15, 5);MoveEast;(7, 17);1;336
0;0.0;;(15, 5);MoveEast;(7, 17);1;337
0;0.0;;(15, 5);MoveEast;(7, 17);1;338
0;0.0;;(15, 5);MoveEast;(7, 17);1;339
0;0.0;;(15, 5);MoveEast;(8, 17);1;340
0;0.0;;(15, 5);MoveEast;(8, 17);1;341
0;0.0;;(15, 5);MoveEast;(8, 17);1;342
0;0.0;;(15, 5);MoveEast;(8, 17);1;343
0;0.0;;(15, 5);MoveEast;(8, 17);1;344
0;0.0;;(15, 5);MoveEast;(8, 17);1;345
0;0.0;;(15, 5);MoveEast;(9, 17);1;346
0;0.0;;(15, 5);MoveEast;(10, 17);1;347
0;0.0;;(15, 5);MoveEast;(11, 17);1;348
0;0.0;;(15, 5);;(11, 17);1;349
0;0.0;;(15, 5);MoveEast;(12, 17);1;350
0;0.0;;(15, 5);;(12, 17);1;351
0;0.0;;(15, 5);MoveEast;(13, 17);1;352
0;0.0;;(15, 5);;(13, 17);1;353
0;0.0;;(15, 5);;(13, 17);1;354
0;0.0;;(15, 5);;(13, 17);1;355
0;0.0;;(15, 5);;(13, 17);1;356
0;0.0;;(15, 5);;(13, 17);1;357
0;0.0;;(15, 5);;(13, 17);1;358
0;0.0;;(15, 5);;(13, 17);1;359
0;0.0;;(15, 5);;(13, 17);1;360
0;0.0;;(15, 5);;(13, 17);1;361
0;0.0;;(15, 5);MoveEast;(14, 17);1;362
0;0.0;;(15, 5);;(14, 17);1;363
0;0.0;;(15, 5);;(14, 17);1;364
0;0.0;;(15, 5);;(14, 17);1;365
0;0.0;;(15, 5);;(14, 17);1;366
0;0.0;;(15, 5);;(14, 17);1;367
0;0.0;;(15, 5);MoveEast;(14, 17);1;368
0;0.0;;(15, 5);MoveEast;(14, 17);1;369
0;0.0;;(15, 5);MoveEast;(14, 17);1;370
0;0.0;;(15, 5);MoveEast;(14, 17);1;371
0;0.0;;(15, 5);MoveEast;(14, 17);1;372
0;0.0;;(15, 5);MoveEast;(15, 17);1;373
0;0.0;;(15, 5);MoveEast;(16, 17);1;374
0;0.0;;(15, 5);MoveSouth;(16, 17);1;375
0;0.0;;(15, 5);MoveSouth;(16, 17);1;376
0;0.0;;(15, 5);MoveSouth;(16, 17);1;377
0;0.0;;(15, 5);MoveSouth;(16, 17);1;378
0;0.0;;(15, 5);MoveSouth;(16, 17);1;379
0;0.0;;(15, 5);MoveSouth;(16, 18);1;380
0;0.0;;(15, 5);;(16, 18);1;381
0;0.0;;(15, 5);;(16, 18);1;382
0;0.0;;(15, 5);;(16, 18);1;383
0;0.0;;(15, 5);;(16, 18);1;384
0;0.0;;(15, 5);;(16, 18);1;385
0;0.0;;(15, 5);;(16, 18);1;386
0;0.0;;(15, 5);;(16, 18);1;387
0;0.0;;(15, 5);;(16, 18);1;388
0;0.0;;(15, 5);;(16, 18);1;389
0;0.0;;(15, 5);;(16, 18);1;390
0;0.0;;(15, 5);;(16, 18);1;391
0;0.0;;(15, 5);;(16, 18);1;392
0;0.0;;(15, 5);;(16, 18);1;393
0;0.0;;(15, 5);;(16, 18);1;394
0;0.0;;(15, 5);;(16, 18);1;395
0;0.0;;(15, 5);;(16, 18);1;396
0;0.0;;(15, 5);;(16, 18);1;397
0;0.0;;(15, 5);;(16, 18);1;398
0;0.0;;(15, 5);;(16, 18);1;399
0;0.0;;(15, 5);;(16, 18);1;400
0;0.0;;(15, 5);;(16, 18);1;401
0;0.0;;(15, 5);;(16, 18);1;402
0;0.0;;(15, 5);;(16, 18);1;403
0;0.0;;(15, 5);;(16, 18);1;404
0;0.0;;(15, 5);;(16, 18);1;405
0;0.0;;(15, 5);;(16, 18);1;406
0;0.0;;(15, 5);;(16, 18);1;407
0;0.0;;(15, 5);;(16, 18);1;408
0;0.0;;(15, 5);;(16, 18);1;409
0;0.0;;(15, 5);Drop;(16, 18);1;410
0;0.0;;(15, 5);;(16, 18);1;411
0;0.0;;(15, 5);;(16, 18);1;412
0;0.0;;(15, 5);;(16, 18);1;413
0;0.0;;(15, 5);;(16, 18);1;414
0;0.0;;(15, 5);;(16, 18);1;415
0;0.0;;(15, 5);;(16, 18);1;416
0;0.0;;(15, 5);;(16, 18);1;417
0;0.0;;(15, 5);;(16, 18);1;418
0;0.0;;(15, 5);;(16, 18);1;419
0;0.0;;(15, 5);;(16, 18);1;420
0;0.0;;(15, 5);;(16, 18);1;421
0;0.0;;(15, 5);;(16, 18);1;422
0;0.0;;(15, 5);;(16, 18);1;423
0;0.0;;(15, 5);;(16, 18);1;424
0;0.0;;(15, 5);;(16, 18);1;425
0;0.0;;(15, 5);;(16, 18);1;426
0;0.0;;(15, 5);;(16, 18);1;427
0;0.0;;(15, 5);;(16, 18);1;428
0;0.0;;(15, 5);MoveEast;(17, 18);1;429
0;0.0;;(15, 5);;(17, 18);1;430
0;0.0;;(15, 5);;(17, 18);1;431
0;0.0;;(15, 5);;(17, 18);1;432
0;0.0;;(15, 5);;(17, 18);1;433
0;0.0;;(15, 5);;(17, 18);1;434
0;0.0;;(15, 5);;(17, 18);1;435
0;0.0;;(15, 5);;(17, 18);1;436
0;0.0;;(15, 5);;(17, 18);1;437
0;0.0;;(15, 5);;(17, 18);1;438
0;0.0;;(15, 5);;(17, 18);1;439
0;0.0;;(15, 5);;(17, 18);1;440
0;0.0;;(15, 5);MoveEast;(18, 18);1;441
0;0.0;;(15, 5);;(18, 18);1;442
0;0.0;;(15, 5);;(18, 18);1;443
0;0.0;;(15, 5);;(18, 18);1;444
0;0.0;;(15, 5);;(18, 18);1;445
0;0.0;;(15, 5);;(18, 18);1;446
0;0.0;;(15, 5);;(18, 18);1;447
0;0.0;;(15, 5);;(18, 18);1;448
0;0.0;;(15, 5);;(18, 18);1;449
0;0.0;;(15, 5);;(18, 18);1;450
0;0.0;;(15, 5);MoveWest;(17, 18);1;451
0;0.0;;(15, 5);;(17, 18);1;452
0;0.0;;(15, 5);MoveWest;(16, 18);1;453
0;0.0;;(15, 5);;(16, 18);1;454
0;0.0;;(15, 5);;(16, 18);1;455
0;0.0;;(15, 5);;(16, 18);1;456
0;0.0;;(15, 5);;(16, 18);1;457
0;0.0;;(15, 5);;(16, 18);1;458
0;0.0;;(15, 5);;(16, 18);1;459
0;0.0;;(15, 5);;(16, 18);1;460
0;0.0;;(15, 5);;(16, 18);1;461
0;0.0;;(15, 5);;(16, 18);1;462
0;0.0;;(15, 5);;(16, 18);1;463
0;0.0;;(15, 5);;(16, 18);1;464
0;0.0;;(15, 5);;(16, 18);1;465
0;0.0;;(15, 5);;(16, 18);1;466
0;0.0;;(15, 5);;(16, 18);1;467
0;0.0;;(15, 5);;(16, 18);1;468
0;0.0;;(15, 5);;(16, 18);1;469
0;0.0;;(15, 5);;(16, 18);1;470
0;0.0;;(15, 5);;(16, 18);1;471
0;0.0;;(15, 5);;(16, 18);1;472
0;0.0;;(15, 5);;(16, 18);1;473
0;0.0;;(15, 5);;(16, 18);1;474
0;0.0;;(15, 5);;(16, 18);1;475
0;0.0;;(15, 5);;(16, 18);1;476
0;0.0;;(15, 5);;(16, 18);1;477
0;0.0;;(15, 5);;(16, 18);1;478
0;0.0;;(15, 5);CarryObject;(16, 18);1;479
0;0.0;;(15, 5);;(16, 18);1;480
0;0.0;;(15, 5);;(16, 18);1;481
0;0.0;;(15, 5);;(16, 18);1;482
0;0.0;;(15, 5);;(16, 18);1;483
0;0.0;;(15, 5);;(16, 18);1;484
0;0.0;;(15, 5);;(16, 18);1;485
0;0.0;;(15, 5);MoveEast;(17, 18);1;486
0;0.0;;(15, 5);;(17, 18);1;487
0;0.0;;(15, 5);;(17, 18);1;488
0;0.0;;(15, 5);;(17, 18);1;489
0;0.0;;(15, 5);;(17, 18);1;490
0;0.0;;(15, 5);;(17, 18);1;491
0;0.0;;(15, 5);;(17, 18);1;492
0;0.0;;(15, 5);;(17, 18);1;493
0;0.0;;(15, 5);;(17, 18);1;494
0;0.0;;(15, 5);;(17, 18);1;495
0;0.0;;(15, 5);;(17, 18);1;496
0;0.0;;(15, 5);;(17, 18);1;497
0;0.0;;(15, 5);;(17, 18);1;498
0;0.0;;(15, 5);;(17, 18);1;499
0;0.0;;(15, 5);;(17, 18);1;500
0;0.0;;(15, 5);;(17, 18);1;501
0;0.0;;(15, 5);;(17, 18);1;502
0;0.0;;(15, 5);;(17, 18);1;503
0;0.0;;(15, 5);;(17, 18);1;504
0;0.0;;(15, 5);;(17, 18);1;505
0;0.0;;(15, 5);;(17, 18);1;506
0;0.0;;(15, 5);;(17, 18);1;507
0;0.0;;(15, 5);;(17, 18);1;508
0;0.0;;(15, 5);;(17, 18);1;509
0;0.0;;(15, 5);;(17, 18);1;510
0;0.0;;(15, 5);;(17, 18);1;511
0;0.0;;(15, 5);;(17, 18);1;512
0;0.0;;(15, 5);;(17, 18);1;513
0;0.0;;(15, 5);;(17, 18);1;514
0;0.0;;(15, 5);MoveEast;(18, 18);1;515
0;0.0;;(15, 5);MoveEast;(19, 18);1;516
0;0.0;;(15, 5);;(19, 18);1;517
0;0.0;;(15, 5);;(19, 18);1;518
0;0.0;;(15, 5);MoveEast;(20, 18);1;519
0;0.0;;(15, 5);MoveEast;(20, 18);1;520
0;0.0;;(15, 5);MoveEast;(20, 18);1;521
0;0.0;;(15, 5);MoveEast;(20, 18);1;522
0;0.0;;(15, 5);MoveEast;(20, 18);1;523
0;0.0;;(15, 5);MoveEast;(20, 18);1;524
0;0.0;;(15, 5);MoveEast;(21, 18);1;525
0;0.0;;(15, 5);;(21, 18);1;526
0;0.0;;(15, 5);;(21, 18);1;527
0;0.0;;(15, 5);MoveWest;(20, 18);1;528
0;0.0;;(15, 5);;(20, 18);1;529
0;0.0;;(15, 5);;(20, 18);1;530
0;0.0;;(15, 5);MoveNorth;(20, 18);1;531
0;0.0;;(15, 5);MoveNorth;(20, 18);1;532
0;0.0;;(15, 5);MoveNorth;(20, 18);1;533
0;0.0;;(15, 5);MoveNorth;(20, 18);1;534
0;0.0;;(15, 5);MoveNorth;(20, 18);1;535
0;0.0;;(15, 5);MoveNorth;(20, 17);1;536
0;0.0;;(15, 5);MoveWest;(20, 17);1;537
0;0.0;;(15, 5);MoveWest;(20, 17);1;538
0;0.0;;(15, 5);MoveWest;(20, 17);1;539
0;0.0;;(15, 5);MoveWest;(20, 17);1;540
0;0.0;RemoveObject;(15, 5);MoveWest;(20, 17);1;541
0;0.0;RemoveObject;(15, 5);MoveWest;(19, 17);1;542
0;0.0;RemoveObject;(15, 5);MoveWest;(19, 17);1;543
0;0.0;RemoveObject;(15, 5);MoveWest;(19, 17);1;544
0;0.0;RemoveObject;(15, 5);MoveWest;(19, 17);1;545
0;0.0;RemoveObject;(15, 5);MoveWest;(19, 17);1;546
0;0.0;RemoveObject;(15, 5);MoveWest;(19, 17);1;547
0;0.0;RemoveObject;(15, 5);MoveWest;(18, 17);1;548
0;0.0;RemoveObject;(15, 5);MoveNorth;(18, 17);1;549
0;0.0;MoveNorth;(15, 5);MoveNorth;(18, 17);1;550
0;0.0;MoveNorth;(15, 5);MoveNorth;(18, 17);1;551
0;0.0;MoveNorth;(15, 5);MoveNorth;(18, 17);1;552
0;0.0;MoveNorth;(15, 5);MoveNorth;(18, 17);1;553
0;0.0;MoveNorth;(15, 5);MoveNorth;(18, 16);1;554
0;0.0;MoveNorth;(15, 5);;(18, 16);1;555
0;0.0;MoveNorth;(15, 5);MoveNorth;(18, 16);1;556
0;0.0;MoveNorth;(15, 5);MoveNorth;(18, 16);1;557
0;0.0;MoveNorth;(15, 4);MoveNorth;(18, 16);1;558
0;0.0;MoveNorthWest;(15, 4);MoveNorth;(18, 16);1;559
0;0.0;MoveNorthWest;(15, 4);MoveNorth;(18, 16);1;560
0;0.0;MoveNorthWest;(15, 4);MoveNorth;(18, 15);1;561
0;0.0;MoveNorthWest;(15, 4);MoveNorth;(18, 15);1;562
0;0.0;MoveNorthWest;(15, 4);MoveNorth;(18, 15);1;563
0;0.0;MoveNorthWest;(15, 4);MoveNorth;(18, 15);1;564
0;0.0;MoveNorthWest;(15, 4);MoveNorth;(18, 15);1;565
0;0.0;MoveNorthWest;(15, 4);MoveNorth;(18, 15);1;566
0;0.0;MoveNorthWest;(14, 3);MoveNorth;(18, 14);1;567
0;0.0;MoveNorth;(14, 3);MoveNorth;(18, 14);1;568
0;0.0;MoveNorth;(14, 3);MoveNorth;(18, 14);1;569
0;0.0;MoveNorth;(14, 3);MoveNorth;(18, 14);1;570
0;0.0;MoveNorth;(14, 3);MoveNorth;(18, 14);1;571
0;0.0;MoveNorth;(14, 3);MoveNorth;(18, 14);1;572
0;0.0;MoveNorth;(14, 3);MoveNorth;(18, 13);1;573
0;0.0;MoveNorth;(14, 3);MoveEast;(18, 13);1;574
0;0.0;MoveNorth;(14, 3);MoveEast;(18, 13);1;575
0;0.0;MoveNorth;(14, 2);MoveEast;(18, 13);1;576
0;0.0;MoveSouthEast;(14, 2);MoveEast;(18, 13);1;577
0;0.0;MoveSouthEast;(14, 2);MoveEast;(18, 13);1;578
0;0.0;MoveSouthEast;(14, 2);MoveEast;(19, 13);1;579
0;0.0;MoveSouthEast;(14, 2);MoveEast;(20, 13);1;580
0;0.0;MoveSouthEast;(14, 2);MoveEast;(21, 13);1;581
0;0.0;MoveSouthEast;(14, 2);;(21, 13);1;582
0;0.0;MoveSouthEast;(14, 2);;(21, 13);1;583
0;0.0;MoveSouthEast;(14, 2);;(21, 13);1;584
0;0.0;MoveSouthEast;(15, 3);;(21, 13);1;585
0;0.0;MoveNorthEast;(15, 3);;(21, 13);1;586
0;0.0;MoveNorthEast;(15, 3);MoveEast;(22, 13);1;587
0;0.0;MoveNorthEast;(15, 3);;(22, 13);1;588
0;0.0;MoveNorthEast;(15, 3);;(22, 13);1;589
0;0.0;MoveNorthEast;(15, 3);;(22, 13);1;590
0;0.0;MoveNorthEast;(15, 3);;(22, 13);1;591
0;0.0;MoveNorthEast;(15, 3);MoveSouth;(22, 14);1;592
0;0.0;MoveNorthEast;(15, 3);;(22, 14);1;593
0;0.0;MoveNorthEast;(16, 2);;(22, 14);1;594
0;0.0;Idle;(16, 2);;(22, 14);1;595
0;0.0;Idle;(16, 2);MoveEast;(23, 14);1;596
0;0.0;Idle;(16, 2);;(23, 14);1;597
0;0.0;Idle;(16, 2);;(23, 14);1;598
0;0.0;Idle;(16, 2);;(23, 14);1;599
0;0.0;Idle;(16, 2);;(23, 14);1;600
0;0.0;Idle;(16, 2);;(23, 14);1;601
0;0.0;Idle;(16, 2);;(23, 14);1;602
0;0.0;Idle;(16, 2);;(23, 14);1;603
0;0.0;Idle;(16, 2);MoveSouth;(23, 15);1;604
0;0.0;Idle;(16, 2);;(23, 15);1;605
0;0.0;Idle;(16, 2);;(23, 15);1;606
0;0.0;Idle;(16, 2);;(23, 15);1;607
0;0.0;Idle;(16, 2);;(23, 15);1;608
0;0.0;Idle;(16, 2);;(23, 15);1;609
0;0.0;Idle;(16, 2);;(23, 15);1;610
0;0.0;Idle;(16, 2);;(23, 15);1;611
0;0.0;Idle;(16, 2);;(23, 15);1;612
0;0.0;Idle;(16, 2);;(23, 15);1;613
0;0.0;Idle;(16, 2);;(23, 15);1;614
0;0.0;Idle;(16, 2);;(23, 15);1;615
0;0.0;Idle;(16, 2);;(23, 15);1;616
0;0.0;Idle;(16, 2);;(23, 15);1;617
0;0.0;Idle;(16, 2);;(23, 15);1;618
0;0.0;Idle;(16, 2);;(23, 15);1;619
0;0.0;Idle;(16, 2);;(23, 15);1;620
0;0.0;MoveSouth;(16, 2);;(23, 15);1;621
0;0.0;MoveSouth;(16, 2);;(23, 15);1;622
0;0.0;MoveSouth;(16, 2);;(23, 15);1;623
0;0.0;MoveSouth;(16, 2);;(23, 15);1;624
0;0.0;MoveSouth;(16, 2);;(23, 15);1;625
0;0.0;MoveSouth;(16, 2);;(23, 15);1;626
0;0.0;MoveSouth;(16, 2);;(23, 15);1;627
0;0.0;MoveSouth;(16, 2);;(23, 15);1;628
0;0.0;MoveSouth;(16, 3);;(23, 15);1;629
0;0.0;MoveSouthWest;(16, 3);;(23, 15);1;630
0;0.0;MoveSouthWest;(16, 3);;(23, 15);1;631
0;0.0;MoveSouthWest;(16, 3);;(23, 15);1;632
0;0.0;MoveSouthWest;(16, 3);;(23, 15);1;633
0;0.0;MoveSouthWest;(16, 3);;(23, 15);1;634
0;0.0;MoveSouthWest;(16, 3);;(23, 15);1;635
0;0.0;MoveSouthWest;(16, 3);;(23, 15);1;636
0;0.0;MoveSouthWest;(16, 3);;(23, 15);1;637
3;0.125;MoveSouthWest;(15, 4);Drop;(23, 15);1;638
3;0.125;MoveSouth;(15, 4);;(23, 15);1;639
3;0.125;MoveSouth;(15, 4);;(23, 15);1;640
3;0.125;MoveSouth;(15, 4);;(23, 15);1;641
3;0.125;MoveSouth;(15, 4);;(23, 15);1;642
3;0.125;MoveSouth;(15, 4);;(23, 15);1;643
3;0.125;MoveSouth;(15, 4);;(23, 15);1;644
3;0.125;MoveSouth;(15, 4);;(23, 15);1;645
3;0.125;MoveSouth;(15, 4);;(23, 15);1;646
3;0.125;MoveSouth;(15, 5);;(23, 15);1;647
3;0.125;MoveSouth;(15, 5);;(23, 15);1;648
3;0.125;MoveSouth;(15, 5);;(23, 15);1;649
3;0.125;MoveSouth;(15, 5);;(23, 15);1;650
3;0.125;MoveSouth;(15, 5);;(23, 15);1;651
3;0.125;MoveSouth;(15, 5);;(23, 15);1;652
3;0.125;MoveSouth;(15, 5);;(23, 15);1;653
3;0.125;MoveSouth;(15, 5);;(23, 15);1;654
3;0.125;MoveSouth;(15, 5);;(23, 15);1;655
3;0.125;MoveSouth;(15, 6);;(23, 15);1;656
3;0.125;;(15, 6);;(23, 15);1;657
3;0.125;;(15, 6);;(23, 15);1;658
3;0.125;;(15, 6);MoveWest;(22, 15);1;659
3;0.125;;(15, 6);;(22, 15);1;660
3;0.125;;(15, 6);;(22, 15);1;661
3;0.125;;(15, 6);;(22, 15);1;662
3;0.125;;(15, 6);;(22, 15);1;663
3;0.125;;(15, 6);;(22, 15);1;664
3;0.125;;(15, 6);;(22, 15);1;665
3;0.125;;(15, 6);;(22, 15);1;666
3;0.125;;(15, 6);;(22, 15);1;667
3;0.125;;(15, 6);;(22, 15);1;668
3;0.125;;(15, 6);;(22, 15);1;669
3;0.125;;(15, 6);;(22, 15);1;670
3;0.125;;(15, 6);;(22, 15);1;671
3;0.125;;(15, 6);;(22, 15);1;672
3;0.125;;(15, 6);;(22, 15);1;673
3;0.125;;(15, 6);;(22, 15);1;674
3;0.125;;(15, 6);;(22, 15);1;675
3;0.125;;(15, 6);;(22, 15);1;676
3;0.125;;(15, 6);;(22, 15);1;677
3;0.125;;(15, 6);;(22, 15);1;678
3;0.125;;(15, 6);;(22, 15);1;679
3;0.125;;(15, 6);;(22, 15);1;680
3;0.125;;(15, 6);;(22, 15);1;681
3;0.125;;(15, 6);;(22, 15);1;682
3;0.125;;(15, 6);;(22, 15);1;683
3;0.125;;(15, 6);;(22, 15);1;684
3;0.125;;(15, 6);;(22, 15);1;685
3;0.125;;(15, 6);;(22, 15);1;686
3;0.125;;(15, 6);;(22, 15);1;687
3;0.125;;(15, 6);;(22, 15);1;688
3;0.125;;(15, 6);;(22, 15);1;689
3;0.125;;(15, 6);;(22, 15);1;690
3;0.125;;(15, 6);;(22, 15);1;691
3;0.125;;(15, 6);;(22, 15);1;692
3;0.125;;(15, 6);;(22, 15);1;693
3;0.125;;(15, 6);;(22, 15);1;694
3;0.125;;(15, 6);;(22, 15);1;695
3;0.125;;(15, 6);;(22, 15);1;696
3;0.125;;(15, 6);;(22, 15);1;697
3;0.125;;(15, 6);;(22, 15);1;698
3;0.125;;(15, 6);;(22, 15);1;699
3;0.125;;(15, 6);;(22, 15);1;700
3;0.125;;(15, 6);;(22, 15);1;701
3;0.125;;(15, 6);;(22, 15);1;702
3;0.125;;(15, 6);;(22, 15);1;703
3;0.125;;(15, 6);;(22, 15);1;704
3;0.125;;(15, 6);;(22, 15);1;705
3;0.125;;(15, 6);;(22, 15);1;706
3;0.125;;(15, 6);;(22, 15);1;707
3;0.125;;(15, 6);;(22, 15);1;708
3;0.125;;(15, 6);;(22, 15);1;709
3;0.125;;(15, 6);;(22, 15);1;710
3;0.125;;(15, 6);;(22, 15);1;711
3;0.125;;(15, 6);;(22, 15);1;712
3;0.125;;(15, 6);;(22, 15);1;713
3;0.125;;(15, 6);;(22, 15);1;714
3;0.125;;(15, 6);;(22, 15);1;715
3;0.125;;(15, 6);;(22, 15);1;716
3;0.125;;(15, 6);;(22, 15);1;717
3;0.125;;(15, 6);;(22, 15);1;718
3;0.125;;(15, 6);;(22, 15);1;719
3;0.125;;(15, 6);;(22, 15);1;720
3;0.125;;(15, 6);;(22, 15);1;721
3;0.125;;(15, 6);;(22, 15);1;722
3;0.125;;(15, 6);;(22, 15);1;723
3;0.125;;(15, 6);;(22, 15);1;724
3;0.125;;(15, 6);;(22, 15);1;725
3;0.125;;(15, 6);;(22, 15);1;726
3;0.125;;(15, 6);;(22, 15);1;727
3;0.125;;(15, 6);;(22, 15);1;728
3;0.125;;(15, 6);;(22, 15);1;729
3;0.125;;(15, 6);;(22, 15);1;730
3;0.125;;(15, 6);;(22, 15);1;731
3;0.125;;(15, 6);;(22, 15);1;732
3;0.125;;(15, 6);;(22, 15);1;733
3;0.125;;(15, 6);;(22, 15);1;734
3;0.125;;(15, 6);;(22, 15);1;735
3;0.125;;(15, 6);;(22, 15);1;736
3;0.125;;(15, 6);;(22, 15);1;737
3;0.125;;(15, 6);;(22, 15);1;738
3;0.125;;(15, 6);;(22, 15);1;739
3;0.125;;(15, 6);;(22, 15);1;740
3;0.125;;(15, 6);;(22, 15);1;741
3;0.125;;(15, 6);;(22, 15);1;742
3;0.125;;(15, 6);;(22, 15);1;743
3;0.125;;(15, 6);;(22, 15);1;744
3;0.125;;(15, 6);;(22, 15);1;745
3;0.125;;(15, 6);;(22, 15);1;746
3;0.125;;(15, 6);;(22, 15);1;747
3;0.125;;(15, 6);;(22, 15);1;748
3;0.125;;(15, 6);;(22, 15);1;749
3;0.125;;(15, 6);;(22, 15);1;750
3;0.125;;(15, 6);;(22, 15);1;751
3;0.125;;(15, 6);;(22, 15);1;752
3;0.125;;(15, 6);;(22, 15);1;753
3;0.125;;(15, 6);;(22, 15);1;754
3;0.125;;(15, 6);;(22, 15);1;755
3;0.125;;(15, 6);;(22, 15);1;756
3;0.125;;(15, 6);;(22, 15);1;757
3;0.125;;(15, 6);;(22, 15);1;758
3;0.125;;(15, 6);;(22, 15);1;759
3;0.125;;(15, 6);;(22, 15);1;760
3;0.125;;(15, 6);;(22, 15);1;761
3;0.125;;(15, 6);;(22, 15);1;762
3;0.125;;(15, 6);;(22, 15);1;763
3;0.125;;(15, 6);;(22, 15);1;764
3;0.125;;(15, 6);;(22, 15);1;765
3;0.125;;(15, 6);;(22, 15);1;766
3;0.125;;(15, 6);;(22, 15);1;767
3;0.125;;(15, 6);;(22, 15);1;768
3;0.125;;(15, 6);;(22, 15);1;769
3;0.125;;(15, 6);;(22, 15);1;770
3;0.125;;(15, 6);;(22, 15);1;771
3;0.125;;(15, 6);;(22, 15);1;772
3;0.125;;(15, 6);;(22, 15);1;773
3;0.125;;(15, 6);MoveNorth;(22, 14);1;774
3;0.125;;(15, 6);MoveNorth;(22, 13);1;775
3;0.125;;(15, 6);MoveNorth;(22, 12);1;776
3;0.125;;(15, 6);MoveNorth;(22, 11);1;777
3;0.125;;(15, 6);MoveWest;(21, 11);1;778
3;0.125;;(15, 6);MoveWest;(20, 11);1;779
3;0.125;;(15, 6);;(20, 11);1;780
3;0.125;;(15, 6);MoveNorth;(20, 10);1;781
3;0.125;;(15, 6);MoveNorth;(20, 9);1;782
3;0.125;;(15, 6);MoveWest;(19, 9);1;783
3;0.125;;(15, 6);;(19, 9);1;784
3;0.125;;(15, 6);;(19, 9);1;785
3;0.125;;(15, 6);MoveWest;(19, 9);1;786
3;0.125;;(15, 6);MoveWest;(19, 9);1;787
3;0.125;;(15, 6);MoveWest;(19, 9);1;788
3;0.125;;(15, 6);MoveWest;(19, 9);1;789
3;0.125;;(15, 6);MoveWest;(19, 9);1;790
3;0.125;;(15, 6);MoveWest;(18, 9);1;791
3;0.125;;(15, 6);MoveWest;(18, 9);1;792
3;0.125;;(15, 6);MoveWest;(18, 9);1;793
3;0.125;;(15, 6);MoveWest;(18, 9);1;794
3;0.125;;(15, 6);MoveWest;(18, 9);1;795
3;0.125;;(15, 6);MoveWest;(18, 9);1;796
3;0.125;;(15, 6);MoveWest;(18, 9);1;797
3;0.125;;(15, 6);MoveNorth;(18, 9);1;798
3;0.125;;(15, 6);MoveNorth;(18, 9);1;799
3;0.125;;(15, 6);MoveNorth;(18, 9);1;800
3;0.125;;(15, 6);MoveNorth;(18, 9);1;801
3;0.125;;(15, 6);MoveNorth;(18, 9);1;802
3;0.125;;(15, 6);MoveNorth;(18, 8);1;803
3;0.125;;(15, 6);MoveNorth;(18, 7);1;804
3;0.125;MoveWest;(15, 6);MoveNorth;(18, 6);1;805
3;0.125;MoveWest;(15, 6);;(18, 6);1;806
3;0.125;MoveWest;(15, 6);MoveNorth;(18, 5);1;807
3;0.125;MoveWest;(15, 6);MoveNorth;(18, 4);1;808
3;0.125;MoveWest;(15, 6);;(18, 4);1;809
3;0.125;MoveWest;(15, 6);;(18, 4);1;810
3;0.125;MoveWest;(15, 6);MoveWest;(18, 4);1;811
3;0.125;MoveWest;(15, 6);;(18, 4);1;812
3;0.125;MoveWest;(14, 6);MoveWest;(18, 4);1;813
3;0.125;MoveWest;(14, 6);;(18, 4);1;814
3;0.125;MoveWest;(14, 6);;(18, 4);1;815
3;0.125;MoveWest;(14, 6);MoveWest;(18, 4);1;816
3;0.125;MoveWest;(14, 6);;(18, 4);1;817
3;0.125;MoveWest;(14, 6);MoveWest;(18, 4);1;818
3;0.125;MoveWest;(14, 6);;(18, 4);1;819
3;0.125;MoveWest;(14, 6);MoveSouth;(18, 5);1;820
3;0.125;MoveWest;(14, 6);;(18, 5);1;821
3;0.125;MoveWest;(13, 6);;(18, 5);1;822
3;0.125;MoveWest;(13, 6);;(18, 5);1;823
3;0.125;MoveWest;(13, 6);;(18, 5);1;824
3;0.125;MoveWest;(13, 6);;(18, 5);1;825
3;0.125;MoveWest;(13, 6);MoveWest;(17, 5);1;826
3;0.125;MoveWest;(13, 6);;(17, 5);1;827
3;0.125;MoveWest;(13, 6);MoveWest;(16, 5);1;828
3;0.125;MoveWest;(13, 6);MoveWest;(15, 5);1;829
3;0.125;MoveWest;(13, 6);;(15, 5);1;830
3;0.125;MoveWest;(12, 6);MoveWest;(14, 5);1;831
3;0.125;MoveWest;(12, 6);;(14, 5);1;832
3;0.125;MoveWest;(12, 6);MoveWest;(13, 5);1;833
3;0.125;MoveWest;(12, 6);;(13, 5);1;834
3;0.125;MoveWest;(12, 6);MoveWest;(12, 5);1;835
3;0.125;MoveWest;(12, 6);;(12, 5);1;836
3;0.125;MoveWest;(12, 6);MoveWest;(11, 5);1;837
3;0.125;MoveWest;(12, 6);;(11, 5);1;838
3;0.125;MoveWest;(12, 6);MoveWest;(10, 5);1;839
3;0.125;MoveWest;(12, 6);;(10, 5);1;840
3;0.125;MoveWest;(12, 6);MoveWest;(10, 5);1;841
3;0.125;MoveWest;(12, 6);MoveWest;(10, 5);1;842
3;0.125;MoveWest;(12, 6);MoveWest;(10, 5);1;843
3;0.125;MoveWest;(12, 6);MoveWest;(10, 5);1;844
3;0.125;MoveWest;(11, 6);MoveWest;(10, 5);1;845
3;0.125;MoveWest;(11, 6);MoveWest;(9, 5);1;846
3;0.125;MoveWest;(11, 6);MoveWest;(8, 5);1;847
3;0.125;MoveWest;(11, 6);;(8, 5);1;848
3;0.125;MoveWest;(11, 6);MoveSouth;(8, 5);1;849
3;0.125;MoveWest;(11, 6);MoveSouth;(8, 5);1;850
3;0.125;MoveWest;(11, 6);MoveSouth;(8, 5);1;851
3;0.125;MoveWest;(11, 6);MoveSouth;(8, 5);1;852
3;0.125;MoveWest;(11, 6);MoveSouth;(8, 5);1;853
3;0.125;MoveWest;(11, 6);MoveSouth;(8, 6);1;854
3;0.125;MoveWest;(11, 6);;(8, 6);1;855
3;0.125;MoveWest;(11, 6);;(8, 6);1;856
3;0.125;MoveWest;(11, 6);;(8, 6);1;857
3;0.125;MoveWest;(11, 6);;(8, 6);1;858
3;0.125;MoveWest;(10, 6);;(8, 6);1;859
3;0.125;MoveWest;(10, 6);;(8, 6);1;860
3;0.125;MoveWest;(10, 6);;(8, 6);1;861
3;0.125;MoveWest;(10, 6);;(8, 6);1;862
3;0.125;MoveWest;(10, 6);MoveEast;(9, 6);1;863
3;0.125;MoveWest;(10, 6);;(9, 6);1;864
3;0.125;MoveWest;(10, 6);;(9, 6);1;865
3;0.125;MoveWest;(10, 6);;(9, 6);1;866
3;0.125;MoveWest;(10, 6);;(9, 6);1;867
3;0.125;MoveWest;(10, 6);;(9, 6);1;868
3;0.125;MoveWest;(10, 6);;(9, 6);1;869
3;0.125;MoveWest;(10, 6);;(9, 6);1;870
3;0.125;MoveWest;(10, 6);;(9, 6);1;871
3;0.125;MoveWest;(10, 6);;(9, 6);1;872
3;0.125;MoveWest;(9, 6);;(9, 6);1;873
3;0.125;;(9, 6);;(9, 6);1;874
3;0.125;;(9, 6);;(9, 6);1;875
3;0.125;;(9, 6);;(9, 6);1;876
3;0.125;;(9, 6);;(9, 6);1;877
3;0.125;;(9, 6);;(9, 6);1;878
3;0.125;;(9, 6);;(9, 6);1;879
3;0.125;;(9, 6);;(9, 6);1;880
3;0.125;;(9, 6);;(9, 6);1;881
3;0.125;;(9, 6);;(9, 6);1;882
3;0.125;;(9, 6);;(9, 6);1;883
3;0.125;;(9, 6);;(9, 6);1;884
3;0.125;;(9, 6);;(9, 6);1;885
3;0.125;;(9, 6);;(9, 6);1;886
3;0.125;;(9, 6);;(9, 6);1;887
3;0.125;;(9, 6);;(9, 6);1;888
3;0.125;;(9, 6);;(9, 6);1;889
3;0.125;;(9, 6);;(9, 6);1;890
3;0.125;;(9, 6);;(9, 6);1;891
3;0.125;;(9, 6);;(9, 6);1;892
3;0.125;;(9, 6);;(9, 6);1;893
3;0.125;;(9, 6);RemoveObjectTogether;(9, 6);1;894
3;0.125;;(9, 6);RemoveObjectTogether;(9, 6);1;895
3;0.125;;(9, 6);RemoveObjectTogether;(9, 6);1;896
3;0.125;;(9, 6);RemoveObjectTogether;(9, 6);1;897
3;0.125;;(9, 6);RemoveObjectTogether;(9, 6);1;898
3;0.125;;(9, 6);RemoveObjectTogether;(9, 6);1;899
3;0.125;;(9, 6);RemoveObjectTogether;(9, 6);1;900
3;0.125;;(9, 6);RemoveObjectTogether;(9, 6);1;901
3;0.125;;(9, 6);RemoveObjectTogether;(9, 6);1;902
3;0.125;;(9, 6);RemoveObjectTogether;(9, 6);1;903
3;0.125;;(9, 6);RemoveObjectTogether;(9, 6);1;904
3;0.125;;(9, 6);RemoveObjectTogether;(9, 6);1;905
3;0.125;;(9, 6);RemoveObjectTogether;(9, 6);1;906
3;0.125;;(9, 6);RemoveObjectTogether;(9, 6);1;907
3;0.125;;(9, 6);RemoveObjectTogether;(9, 6);1;908
3;0.125;;(9, 6);RemoveObjectTogether;(9, 6);1;909
3;0.125;;(9, 6);RemoveObjectTogether;(9, 6);1;910
3;0.125;;(9, 6);RemoveObjectTogether;(9, 6);1;911
3;0.125;;(9, 6);RemoveObjectTogether;(9, 6);1;912
3;0.125;;(9, 6);RemoveObjectTogether;(9, 6);1;913
3;0.125;;(9, 6);RemoveObjectTogether;(9, 6);1;914
3;0.125;;(9, 6);RemoveObjectTogether;(9, 6);1;915
3;0.125;;(9, 6);RemoveObjectTogether;(9, 6);1;916
3;0.125;;(9, 6);RemoveObjectTogether;(9, 6);1;917
3;0.125;;(9, 6);RemoveObjectTogether;(9, 6);1;918
3;0.125;;(9, 6);RemoveObjectTogether;(9, 6);1;919
3;0.125;MoveSouth;(9, 6);;(9, 6);1;920
3;0.125;MoveSouth;(9, 6);;(9, 6);1;921
3;0.125;MoveSouth;(9, 6);;(9, 6);1;922
3;0.125;MoveSouth;(9, 6);;(9, 6);1;923
3;0.125;MoveSouth;(9, 6);;(9, 6);1;924
3;0.125;MoveSouth;(9, 6);;(9, 6);1;925
3;0.125;MoveSouth;(9, 6);;(9, 6);1;926
3;0.125;MoveSouth;(9, 6);;(9, 6);1;927
3;0.125;MoveSouth;(9, 7);;(9, 6);1;928
3;0.125;MoveSouthWest;(9, 7);;(9, 6);1;929
3;0.125;MoveSouthWest;(9, 7);;(9, 6);1;930
3;0.125;MoveSouthWest;(9, 7);;(9, 6);1;931
3;0.125;MoveSouthWest;(9, 7);;(9, 6);1;932
3;0.125;MoveSouthWest;(9, 7);;(9, 6);1;933
3;0.125;MoveSouthWest;(9, 7);;(9, 6);1;934
3;0.125;MoveSouthWest;(9, 7);;(9, 6);1;935
3;0.125;MoveSouthWest;(9, 7);;(9, 6);1;936
3;0.125;MoveSouthWest;(8, 8);;(9, 6);1;937
3;0.125;MoveSouthEast;(8, 8);MoveSouth;(9, 7);1;938
3;0.125;MoveSouthEast;(8, 8);;(9, 7);1;939
3;0.125;MoveSouthEast;(8, 8);;(9, 7);1;940
3;0.125;MoveSouthEast;(8, 8);;(9, 7);1;941
3;0.125;MoveSouthEast;(8, 8);;(9, 7);1;942
3;0.125;MoveSouthEast;(8, 8);;(9, 7);1;943
3;0.125;MoveSouthEast;(8, 8);;(9, 7);1;944
3;0.125;MoveSouthEast;(8, 8);;(9, 7);1;945
3;0.125;MoveSouthEast;(9, 9);MoveSouth;(9, 8);1;946
3;0.125;MoveNorthEast;(9, 9);;(9, 8);1;947
3;0.125;MoveNorthEast;(9, 9);;(9, 8);1;948
3;0.125;MoveNorthEast;(9, 9);;(9, 8);1;949
3;0.125;MoveNorthEast;(9, 9);;(9, 8);1;950
3;0.125;MoveNorthEast;(9, 9);;(9, 8);1;951
3;0.125;MoveNorthEast;(9, 9);;(9, 8);1;952
3;0.125;MoveNorthEast;(9, 9);;(9, 8);1;953
3;0.125;MoveNorthEast;(9, 9);MoveSouth;(9, 9);1;954
3;0.125;MoveNorthEast;(10, 8);;(9, 9);1;955
3;0.125;;(10, 8);;(9, 9);1;956
3;0.125;;(10, 8);;(9, 9);1;957
3;0.125;;(10, 8);;(9, 9);1;958
3;0.125;;(10, 8);;(9, 9);1;959
3;0.125;;(10, 8);;(9, 9);1;960
3;0.125;;(10, 8);;(9, 9);1;961
3;0.125;;(10, 8);;(9, 9);1;962
3;0.125;;(10, 8);;(9, 9);1;963
3;0.125;;(10, 8);;(9, 9);1;964
3;0.125;;(10, 8);;(9, 9);1;965
3;0.125;;(10, 8);;(9, 9);1;966
3;0.125;;(10, 8);;(9, 9);1;967
3;0.125;;(10, 8);;(9, 9);1;968
3;0.125;;(10, 8);;(9, 9);1;969
3;0.125;;(10, 8);;(9, 9);1;970
3;0.125;;(10, 8);;(9, 9);1;971
3;0.125;;(10, 8);;(9, 9);1;972
3;0.125;;(10, 8);;(9, 9);1;973
3;0.125;;(10, 8);;(9, 9);1;974
3;0.125;;(10, 8);;(9, 9);1;975
3;0.125;;(10, 8);;(9, 9);1;976
3;0.125;;(10, 8);;(9, 9);1;977
3;0.125;;(10, 8);;(9, 9);1;978
3;0.125;;(10, 8);;(9, 9);1;979
3;0.125;;(10, 8);;(9, 9);1;980
3;0.125;;(10, 8);MoveWest;(8, 9);1;981
3;0.125;;(10, 8);;(8, 9);1;982
3;0.125;;(10, 8);;(8, 9);1;983
3;0.125;;(10, 8);;(8, 9);1;984
3;0.125;;(10, 8);;(8, 9);1;985
3;0.125;;(10, 8);;(8, 9);1;986
3;0.125;;(10, 8);;(8, 9);1;987
3;0.125;;(10, 8);;(8, 9);1;988
3;0.125;;(10, 8);;(8, 9);1;989
3;0.125;;(10, 8);;(8, 9);1;990
3;0.125;;(10, 8);;(8, 9);1;991
3;0.125;;(10, 8);;(8, 9);1;992
3;0.125;;(10, 8);;(8, 9);1;993
3;0.125;;(10, 8);;(8, 9);1;994
3;0.125;;(10, 8);;(8, 9);1;995
3;0.125;;(10, 8);;(8, 9);1;996
3;0.125;;(10, 8);;(8, 9);1;997
3;0.125;;(10, 8);;(8, 9);1;998
3;0.125;;(10, 8);;(8, 9);1;999
3;0.125;;(10, 8);;(8, 9);1;1000
3;0.125;;(10, 8);;(8, 9);1;1001
3;0.125;;(10, 8);;(8, 9);1;1002
3;0.125;;(10, 8);;(8, 9);1;1003
3;0.125;;(10, 8);;(8, 9);1;1004
3;0.125;;(10, 8);;(8, 9);1;1005
3;0.125;;(10, 8);;(8, 9);1;1006
3;0.125;;(10, 8);;(8, 9);1;1007
3;0.125;;(10, 8);;(8, 9);1;1008
3;0.125;;(10, 8);;(8, 9);1;1009
3;0.125;;(10, 8);;(8, 9);1;1010
3;0.125;;(10, 8);;(8, 9);1;1011
3;0.125;;(10, 8);;(8, 9);1;1012
3;0.125;;(10, 8);;(8, 9);1;1013
3;0.125;;(10, 8);;(8, 9);1;1014
3;0.125;;(10, 8);;(8, 9);1;1015
3;0.125;;(10, 8);;(8, 9);1;1016
3;0.125;;(10, 8);;(8, 9);1;1017
3;0.125;;(10, 8);;(8, 9);1;1018
3;0.125;;(10, 8);;(8, 9);1;1019
3;0.125;;(10, 8);;(8, 9);1;1020
3;0.125;;(10, 8);;(8, 9);1;1021
3;0.125;;(10, 8);;(8, 9);1;1022
3;0.125;;(10, 8);;(8, 9);1;1023
3;0.125;;(10, 8);;(8, 9);1;1024
3;0.125;;(10, 8);;(8, 9);1;1025
3;0.125;;(10, 8);;(8, 9);1;1026
3;0.125;;(10, 8);;(8, 9);1;1027
3;0.125;;(10, 8);;(8, 9);1;1028
3;0.125;;(10, 8);;(8, 9);1;1029
3;0.125;Idle;(10, 8);;(8, 9);1;1030
3;0.125;Idle;(10, 8);;(8, 9);1;1031
3;0.125;Idle;(10, 8);;(8, 9);1;1032
3;0.125;Idle;(10, 8);;(8, 9);1;1033
3;0.125;Idle;(10, 8);;(8, 9);1;1034
3;0.125;Idle;(10, 8);;(8, 9);1;1035
3;0.125;Idle;(10, 8);;(8, 9);1;1036
3;0.125;Idle;(10, 8);;(8, 9);1;1037
3;0.125;Idle;(10, 8);;(8, 9);1;1038
3;0.125;Idle;(10, 8);;(8, 9);1;1039
3;0.125;Idle;(10, 8);;(8, 9);1;1040
3;0.125;Idle;(10, 8);;(8, 9);1;1041
3;0.125;Idle;(10, 8);;(8, 9);1;1042
3;0.125;Idle;(10, 8);;(8, 9);1;1043
3;0.125;Idle;(10, 8);;(8, 9);1;1044
3;0.125;Idle;(10, 8);;(8, 9);1;1045
3;0.125;Idle;(10, 8);;(8, 9);1;1046
3;0.125;Idle;(10, 8);;(8, 9);1;1047
3;0.125;Idle;(10, 8);;(8, 9);1;1048
3;0.125;Idle;(10, 8);;(8, 9);1;1049
3;0.125;Idle;(10, 8);;(8, 9);1;1050
3;0.125;Idle;(10, 8);;(8, 9);1;1051
3;0.125;Idle;(10, 8);;(8, 9);1;1052
3;0.125;Idle;(10, 8);;(8, 9);1;1053
3;0.125;Idle;(10, 8);;(8, 9);1;1054
3;0.125;Idle;(10, 8);;(8, 9);1;1055
3;0.125;MoveWest;(10, 8);;(8, 9);1;1056
3;0.125;MoveWest;(10, 8);;(8, 9);1;1057
3;0.125;MoveWest;(10, 8);;(8, 9);1;1058
3;0.125;MoveWest;(10, 8);;(8, 9);1;1059
3;0.125;MoveWest;(10, 8);;(8, 9);1;1060
3;0.125;MoveWest;(10, 8);;(8, 9);1;1061
3;0.125;MoveWest;(10, 8);;(8, 9);1;1062
3;0.125;MoveWest;(10, 8);;(8, 9);1;1063
3;0.125;MoveWest;(9, 8);;(8, 9);1;1064
3;0.125;MoveSouthWest;(9, 8);;(8, 9);1;1065
3;0.125;MoveSouthWest;(9, 8);;(8, 9);1;1066
3;0.125;MoveSouthWest;(9, 8);;(8, 9);1;1067
3;0.125;MoveSouthWest;(9, 8);;(8, 9);1;1068
3;0.125;MoveSouthWest;(9, 8);;(8, 9);1;1069
3;0.125;MoveSouthWest;(9, 8);;(8, 9);1;1070
3;0.125;MoveSouthWest;(9, 8);;(8, 9);1;1071
3;0.125;MoveSouthWest;(9, 8);;(8, 9);1;1072
3;0.125;MoveSouthWest;(8, 9);;(8, 9);1;1073
3;0.125;;(8, 9);;(8, 9);1;1074
3;0.125;;(8, 9);;(8, 9);1;1075
3;0.125;;(8, 9);;(8, 9);1;1076
3;0.125;;(8, 9);;(8, 9);1;1077
3;0.125;;(8, 9);;(8, 9);1;1078
3;0.125;;(8, 9);;(8, 9);1;1079
3;0.125;;(8, 9);;(8, 9);1;1080
3;0.125;;(8, 9);;(8, 9);1;1081
3;0.125;;(8, 9);;(8, 9);1;1082
3;0.125;;(8, 9);;(8, 9);1;1083
3;0.125;;(8, 9);;(8, 9);1;1084
3;0.125;;(8, 9);;(8, 9);1;1085
3;0.125;;(8, 9);;(8, 9);1;1086
3;0.125;;(8, 9);RemoveObjectTogether;(8, 9);1;1087
3;0.125;;(8, 9);;(8, 9);1;1088
3;0.125;;(8, 9);;(8, 9);1;1089
3;0.125;;(8, 9);;(8, 9);1;1090
3;0.125;;(8, 9);;(8, 9);1;1091
3;0.125;;(8, 9);;(8, 9);1;1092
3;0.125;;(8, 9);;(8, 9);1;1093
3;0.125;;(8, 9);;(8, 9);1;1094
3;0.125;;(8, 9);;(8, 9);1;1095
3;0.125;;(8, 9);;(8, 9);1;1096
3;0.125;;(8, 9);;(8, 9);1;1097
3;0.125;;(8, 9);;(8, 9);1;1098
3;0.125;;(8, 9);;(8, 9);1;1099
3;0.125;;(8, 9);;(8, 9);1;1100
3;0.125;;(8, 9);;(8, 9);1;1101
3;0.125;;(8, 9);;(8, 9);1;1102
3;0.125;;(8, 9);;(8, 9);1;1103
3;0.125;;(8, 9);;(8, 9);1;1104
3;0.125;;(8, 9);;(8, 9);1;1105
3;0.125;;(8, 9);;(8, 9);1;1106
3;0.125;;(8, 9);;(8, 9);1;1107
3;0.125;;(8, 9);;(8, 9);1;1108
3;0.125;;(8, 9);;(8, 9);1;1109
3;0.125;;(8, 9);;(8, 9);1;1110
3;0.125;;(8, 9);;(8, 9);1;1111
3;0.125;;(8, 9);;(8, 9);1;1112
3;0.125;;(8, 9);;(8, 9);1;1113
3;0.125;;(8, 9);;(8, 9);1;1114
3;0.125;;(8, 9);;(8, 9);1;1115
3;0.125;;(8, 9);;(8, 9);1;1116
3;0.125;;(8, 9);;(8, 9);1;1117
3;0.125;;(8, 9);;(8, 9);1;1118
3;0.125;;(8, 9);;(8, 9);1;1119
3;0.125;;(8, 9);;(8, 9);1;1120
3;0.125;;(8, 9);;(8, 9);1;1121
3;0.125;;(8, 9);;(8, 9);1;1122
3;0.125;;(8, 9);;(8, 9);1;1123
3;0.125;;(8, 9);;(8, 9);1;1124
3;0.125;;(8, 9);;(8, 9);1;1125
3;0.125;;(8, 9);;(8, 9);1;1126
3;0.125;;(8, 9);;(8, 9);1;1127
3;0.125;;(8, 9);;(8, 9);1;1128
3;0.125;;(8, 9);;(8, 9);1;1129
3;0.125;;(8, 9);;(8, 9);1;1130
3;0.125;;(8, 9);;(8, 9);1;1131
3;0.125;;(8, 9);;(8, 9);1;1132
3;0.125;;(8, 9);;(8, 9);1;1133
3;0.125;;(8, 9);;(8, 9);1;1134
3;0.125;;(8, 9);;(8, 9);1;1135
3;0.125;;(8, 9);;(8, 9);1;1136
3;0.125;;(8, 9);;(8, 9);1;1137
3;0.125;;(8, 9);;(8, 9);1;1138
3;0.125;;(8, 9);;(8, 9);1;1139
3;0.125;;(8, 9);;(8, 9);1;1140
3;0.125;;(8, 9);;(8, 9);1;1141
3;0.125;;(8, 9);;(8, 9);1;1142
3;0.125;;(8, 9);;(8, 9);1;1143
3;0.125;;(8, 9);;(8, 9);1;1144
3;0.125;;(8, 9);;(8, 9);1;1145
3;0.125;;(8, 9);;(8, 9);1;1146
3;0.125;;(8, 9);;(8, 9);1;1147
3;0.125;;(8, 9);;(8, 9);1;1148
3;0.125;;(8, 9);;(8, 9);1;1149
3;0.125;;(8, 9);;(8, 9);1;1150
3;0.125;;(8, 9);;(8, 9);1;1151
3;0.125;;(8, 9);;(8, 9);1;1152
3;0.125;;(8, 9);;(8, 9);1;1153
3;0.125;;(8, 9);;(8, 9);1;1154
3;0.125;;(8, 9);;(8, 9);1;1155
3;0.125;;(8, 9);;(8, 9);1;1156
3;0.125;;(8, 9);;(8, 9);1;1157
3;0.125;;(8, 9);;(8, 9);1;1158
3;0.125;;(8, 9);;(8, 9);1;1159
3;0.125;;(8, 9);;(8, 9);1;1160
3;0.125;;(8, 9);;(8, 9);1;1161
3;0.125;;(8, 9);;(8, 9);1;1162
3;0.125;;(8, 9);;(8, 9);1;1163
3;0.125;;(8, 9);;(8, 9);1;1164
3;0.125;;(8, 9);;(8, 9);1;1165
3;0.125;;(8, 9);;(8, 9);1;1166
3;0.125;;(8, 9);;(8, 9);1;1167
3;0.125;;(8, 9);;(8, 9);1;1168
3;0.125;;(8, 9);;(8, 9);1;1169
3;0.125;;(8, 9);;(8, 9);1;1170
3;0.125;;(8, 9);;(8, 9);1;1171
3;0.125;;(8, 9);;(8, 9);1;1172
3;0.125;;(8, 9);CarryObjectTogether;(8, 9);1;1173
3;0.125;;(8, 9);;(8, 9);1;1174
3;0.125;;(8, 9);;(8, 9);1;1175
3;0.125;;(8, 9);;(8, 9);1;1176
3;0.125;;(8, 9);;(8, 9);1;1177
3;0.125;;(8, 9);;(8, 9);1;1178
3;0.125;;(8, 9);;(8, 9);1;1179
3;0.125;;(8, 9);;(8, 9);1;1180
3;0.125;;(8, 9);;(8, 9);1;1181
3;0.125;;(8, 9);;(8, 9);1;1182
3;0.125;;(8, 9);;(8, 9);1;1183
3;0.125;;(8, 9);;(8, 9);1;1184
3;0.125;;(8, 9);;(8, 9);1;1185
3;0.125;;(8, 9);MoveEast;(9, 9);1;1186
3;0.125;;(8, 9);;(9, 9);1;1187
3;0.125;;(8, 9);;(9, 9);1;1188
3;0.125;;(8, 9);MoveNorth;(9, 8);1;1189
3;0.125;;(8, 9);;(9, 8);1;1190
3;0.125;;(8, 9);MoveNorth;(9, 7);1;1191
3;0.125;;(8, 9);;(9, 7);1;1192
3;0.125;;(8, 9);;(9, 7);1;1193
3;0.125;;(8, 9);MoveNorth;(9, 6);1;1194
3;0.125;;(8, 9);;(9, 6);1;1195
3;0.125;;(8, 9);;(9, 6);1;1196
3;0.125;;(8, 9);MoveNorth;(9, 5);1;1197
3;0.125;;(8, 9);MoveEast;(10, 5);1;1198
3;0.125;;(8, 9);;(10, 5);1;1199
3;0.125;;(8, 9);MoveEast;(10, 5);1;1200
3;0.125;;(8, 9);MoveEast;(10, 5);1;1201
3;0.125;;(8, 9);MoveEast;(10, 5);1;1202
3;0.125;;(8, 9);MoveEast;(10, 5);1;1203
3;0.125;;(8, 9);MoveEast;(10, 5);1;1204
3;0.125;;(8, 9);MoveEast;(11, 5);1;1205
3;0.125;;(8, 9);MoveEast;(12, 5);1;1206
3;0.125;;(8, 9);MoveEast;(13, 5);1;1207
3;0.125;;(8, 9);;(13, 5);1;1208
3;0.125;;(8, 9);MoveEast;(14, 5);1;1209
3;0.125;;(8, 9);;(14, 5);1;1210
3;0.125;;(8, 9);MoveEast;(15, 5);1;1211
3;0.125;;(8, 9);;(15, 5);1;1212
3;0.125;;(8, 9);;(15, 5);1;1213
3;0.125;;(8, 9);;(15, 5);1;1214
3;0.125;;(8, 9);;(15, 5);1;1215
3;0.125;;(8, 9);;(15, 5);1;1216
3;0.125;;(8, 9);;(15, 5);1;1217
3;0.125;;(8, 9);;(15, 5);1;1218
3;0.125;;(8, 9);MoveSouth;(15, 6);1;1219
3;0.125;;(8, 9);;(15, 6);1;1220
3;0.125;;(8, 9);;(15, 6);1;1221
3;0.125;;(8, 9);;(15, 6);1;1222
3;0.125;;(8, 9);;(15, 6);1;1223
3;0.125;;(8, 9);;(15, 6);1;1224
3;0.125;;(8, 9);;(15, 6);1;1225
3;0.125;;(8, 9);;(15, 6);1;1226
3;0.125;;(8, 9);;(15, 6);1;1227
3;0.125;;(8, 9);MoveEast;(16, 6);1;1228
3;0.125;;(8, 9);;(16, 6);1;1229
3;0.125;;(8, 9);;(16, 6);1;1230
3;0.125;;(8, 9);;(16, 6);1;1231
3;0.125;;(8, 9);;(16, 6);1;1232
3;0.125;;(8, 9);;(16, 6);1;1233
3;0.125;;(8, 9);;(16, 6);1;1234
3;0.125;;(8, 9);;(16, 6);1;1235
3;0.125;;(8, 9);;(16, 6);1;1236
3;0.125;;(8, 9);;(16, 6);1;1237
3;0.125;;(8, 9);;(16, 6);1;1238
3;0.125;;(8, 9);;(16, 6);1;1239
3;0.125;;(8, 9);;(16, 6);1;1240
3;0.125;;(8, 9);;(16, 6);1;1241
3;0.125;;(8, 9);;(16, 6);1;1242
3;0.125;;(8, 9);;(16, 6);1;1243
3;0.125;;(8, 9);;(16, 6);1;1244
3;0.125;;(8, 9);;(16, 6);1;1245
3;0.125;;(8, 9);;(16, 6);1;1246
3;0.125;;(8, 9);;(16, 6);1;1247
3;0.125;;(8, 9);;(16, 6);1;1248
3;0.125;;(16, 6);DropObjectTogether;(16, 6);1;1249
3;0.125;MoveWest;(16, 6);;(16, 6);1;1250
3;0.125;MoveWest;(16, 6);;(16, 6);1;1251
3;0.125;MoveWest;(16, 6);;(16, 6);1;1252
3;0.125;MoveWest;(16, 6);;(16, 6);1;1253
3;0.125;MoveWest;(16, 6);;(16, 6);1;1254
3;0.125;MoveWest;(16, 6);;(16, 6);1;1255
3;0.125;MoveWest;(16, 6);;(16, 6);1;1256
3;0.125;MoveWest;(16, 6);;(16, 6);1;1257
3;0.125;MoveWest;(15, 6);;(16, 6);1;1258
3;0.125;MoveWest;(15, 6);;(16, 6);1;1259
3;0.125;MoveWest;(15, 6);;(16, 6);1;1260
3;0.125;MoveWest;(15, 6);;(16, 6);1;1261
3;0.125;MoveWest;(15, 6);;(16, 6);1;1262
3;0.125;MoveWest;(15, 6);;(16, 6);1;1263
3;0.125;MoveWest;(15, 6);;(16, 6);1;1264
3;0.125;MoveWest;(15, 6);;(16, 6);1;1265
3;0.125;MoveWest;(15, 6);;(16, 6);1;1266
3;0.125;MoveWest;(14, 6);;(16, 6);1;1267
3;0.125;MoveWest;(14, 6);;(16, 6);1;1268
3;0.125;MoveWest;(14, 6);;(16, 6);1;1269
3;0.125;MoveWest;(14, 6);;(16, 6);1;1270
3;0.125;MoveWest;(14, 6);;(16, 6);1;1271
3;0.125;MoveWest;(14, 6);;(16, 6);1;1272
3;0.125;MoveWest;(14, 6);;(16, 6);1;1273
3;0.125;MoveWest;(14, 6);;(16, 6);1;1274
3;0.125;MoveWest;(14, 6);;(16, 6);1;1275
3;0.125;MoveWest;(13, 6);;(16, 6);1;1276
3;0.125;MoveWest;(13, 6);;(16, 6);1;1277
3;0.125;MoveWest;(13, 6);;(16, 6);1;1278
3;0.125;MoveWest;(13, 6);;(16, 6);1;1279
3;0.125;MoveWest;(13, 6);;(16, 6);1;1280
3;0.125;MoveWest;(13, 6);;(16, 6);1;1281
3;0.125;MoveWest;(13, 6);;(16, 6);1;1282
3;0.125;MoveWest;(13, 6);;(16, 6);1;1283
3;0.125;MoveWest;(13, 6);;(16, 6);1;1284
3;0.125;MoveWest;(12, 6);;(16, 6);1;1285
3;0.125;MoveWest;(12, 6);;(16, 6);1;1286
3;0.125;MoveWest;(12, 6);;(16, 6);1;1287
3;0.125;MoveWest;(12, 6);;(16, 6);1;1288
3;0.125;MoveWest;(12, 6);;(16, 6);1;1289
3;0.125;MoveWest;(12, 6);;(16, 6);1;1290
3;0.125;MoveWest;(12, 6);;(16, 6);1;1291
3;0.125;MoveWest;(12, 6);;(16, 6);1;1292
3;0.125;MoveWest;(12, 6);;(16, 6);1;1293
3;0.125;MoveWest;(12, 6);;(16, 6);1;1294
3;0.125;MoveWest;(12, 6);;(16, 6);1;1295
3;0.125;MoveWest;(12, 6);;(16, 6);1;1296
3;0.125;MoveWest;(12, 6);;(16, 6);1;1297
3;0.125;MoveWest;(12, 6);;(16, 6);1;1298
3;0.125;MoveWest;(11, 6);;(16, 6);1;1299
3;0.125;MoveNorthWest;(11, 6);;(16, 6);1;1300
3;0.125;MoveNorthWest;(11, 6);;(16, 6);1;1301
3;0.125;MoveNorthWest;(11, 6);;(16, 6);1;1302
3;0.125;MoveNorthWest;(11, 6);;(16, 6);1;1303
3;0.125;MoveNorthWest;(11, 6);;(16, 6);1;1304
3;0.125;MoveNorthWest;(11, 6);;(16, 6);1;1305
3;0.125;MoveNorthWest;(11, 6);;(16, 6);1;1306
3;0.125;MoveNorthWest;(11, 6);;(16, 6);1;1307
3;0.125;MoveNorthWest;(11, 6);;(16, 6);1;1308
3;0.125;MoveNorthWest;(11, 6);;(16, 6);1;1309
3;0.125;MoveNorthWest;(11, 6);;(16, 6);1;1310
3;0.125;MoveNorthWest;(11, 6);;(16, 6);1;1311
3;0.125;MoveNorthWest;(11, 6);;(16, 6);1;1312
3;0.125;MoveNorthWest;(10, 5);;(16, 6);1;1313
3;0.125;MoveWest;(10, 5);;(16, 6);1;1314
3;0.125;MoveWest;(10, 5);;(16, 6);1;1315
3;0.125;MoveWest;(10, 5);;(16, 6);1;1316
3;0.125;MoveWest;(10, 5);;(16, 6);1;1317
3;0.125;MoveWest;(10, 5);;(16, 6);1;1318
3;0.125;MoveWest;(10, 5);;(16, 6);1;1319
3;0.125;MoveWest;(10, 5);;(16, 6);1;1320
3;0.125;MoveWest;(10, 5);;(16, 6);1;1321
3;0.125;MoveWest;(10, 5);;(16, 6);1;1322
3;0.125;MoveWest;(10, 5);;(16, 6);1;1323
3;0.125;MoveWest;(10, 5);;(16, 6);1;1324
3;0.125;MoveWest;(10, 5);;(16, 6);1;1325
3;0.125;MoveWest;(10, 5);;(16, 6);1;1326
3;0.125;MoveWest;(9, 5);;(16, 6);1;1327
3;0.125;;(9, 5);;(16, 6);1;1328
3;0.125;;(9, 5);;(16, 6);1;1329
3;0.125;;(9, 5);;(16, 6);1;1330
3;0.125;;(9, 5);;(16, 6);1;1331
3;0.125;;(9, 5);;(16, 6);1;1332
3;0.125;;(9, 5);;(16, 6);1;1333
3;0.125;;(9, 5);;(16, 6);1;1334
3;0.125;;(9, 5);;(16, 6);1;1335
3;0.125;;(9, 5);;(16, 6);1;1336
3;0.125;;(9, 5);;(16, 6);1;1337
3;0.125;;(9, 5);;(16, 6);1;1338
3;0.125;;(9, 5);;(16, 6);1;1339
3;0.125;;(9, 5);;(16, 6);1;1340
3;0.125;;(9, 5);;(16, 6);1;1341
3;0.125;;(9, 5);;(16, 6);1;1342
3;0.125;;(9, 5);;(16, 6);1;1343
3;0.125;;(9, 5);;(16, 6);1;1344
3;0.125;;(9, 5);;(16, 6);1;1345
3;0.125;;(9, 5);;(16, 6);1;1346
3;0.125;;(9, 5);;(16, 6);1;1347
3;0.125;;(9, 5);;(16, 6);1;1348
3;0.125;;(9, 5);;(16, 6);1;1349
3;0.125;;(9, 5);;(16, 6);1;1350
3;0.125;;(9, 5);;(16, 6);1;1351
3;0.125;;(9, 5);;(16, 6);1;1352
3;0.125;;(9, 5);;(16, 6);1;1353
3;0.125;;(9, 5);;(16, 6);1;1354
3;0.125;;(9, 5);;(16, 6);1;1355
3;0.125;;(9, 5);;(16, 6);1;1356
3;0.125;;(9, 5);;(16, 6);1;1357
3;0.125;;(9, 5);;(16, 6);1;1358
3;0.125;;(9, 5);;(16, 6);1;1359
3;0.125;;(9, 5);;(16, 6);1;1360
3;0.125;;(9, 5);;(16, 6);1;1361
3;0.125;;(9, 5);;(16, 6);1;1362
3;0.125;;(9, 5);;(16, 6);1;1363
3;0.125;;(9, 5);;(16, 6);1;1364
3;0.125;;(9, 5);;(16, 6);1;1365
3;0.125;;(9, 5);;(16, 6);1;1366
3;0.125;;(9, 5);;(16, 6);1;1367
3;0.125;;(9, 5);;(16, 6);1;1368
3;0.125;;(9, 5);;(16, 6);1;1369
3;0.125;;(9, 5);;(16, 6);1;1370
3;0.125;;(9, 5);;(16, 6);1;1371
3;0.125;;(9, 5);;(16, 6);1;1372
3;0.125;;(9, 5);;(16, 6);1;1373
3;0.125;;(9, 5);;(16, 6);1;1374
3;0.125;;(9, 5);;(16, 6);1;1375
3;0.125;;(9, 5);;(16, 6);1;1376
3;0.125;;(9, 5);;(16, 6);1;1377
3;0.125;;(9, 5);;(16, 6);1;1378
3;0.125;;(9, 5);;(16, 6);1;1379
3;0.125;;(9, 5);;(16, 6);1;1380
3;0.125;;(9, 5);;(16, 6);1;1381
3;0.125;;(9, 5);;(16, 6);1;1382
3;0.125;;(9, 5);;(16, 6);1;1383
3;0.125;;(9, 5);;(16, 6);1;1384
3;0.125;;(9, 5);;(16, 6);1;1385
3;0.125;;(9, 5);;(16, 6);1;1386
3;0.125;;(9, 5);;(16, 6);1;1387
3;0.125;;(9, 5);;(16, 6);1;1388
3;0.125;;(9, 5);;(16, 6);1;1389
